Exchange Date,e,p1,p2
31/01/2001,0.4029,4.2843,5.1654
28/02/2001,0.381,4.287,5.1693
31/03/2001,0.3678,4.2904,5.1716
30/04/2001,0.3466,4.2962,5.1756
31/05/2001,0.3596,4.3038,5.1801
30/06/2001,0.3491,4.3058,5.1818
31/07/2001,0.3471,4.2981,5.179
31/08/2001,0.3542,4.3021,5.179
30/09/2001,0.3734,4.3048,5.1835
31/10/2001,0.3869,4.3032,5.1801
30/11/2001,0.3744,4.3012,5.1784
31/12/2001,0.353,4.3037,5.1745
31/01/2002,0.3737,4.3005,5.1767
28/02/2002,0.3442,4.3017,5.1807
31/03/2002,0.348,4.3056,5.1863
30/04/2002,0.3545,4.3098,5.1918
31/05/2002,0.3766,4.312,5.1918
30/06/2002,0.3762,4.3119,5.1924
31/07/2002,0.4266,4.3091,5.1935
31/08/2002,0.4468,4.312,5.1968
30/09/2002,0.4375,4.3147,5.1985
31/10/2002,0.4496,4.3167,5.2002
30/11/2002,0.4476,4.3165,5.2002
31/12/2002,0.4424,4.3202,5.1979
31/01/2003,0.4764,4.3138,5.2024
28/02/2003,0.4996,4.3173,5.21
31/03/2003,0.4527,4.3209,5.216
30/04/2003,0.4589,4.3242,5.2138
31/05/2003,0.4693,4.3245,5.2122
30/06/2003,0.4856,4.3229,5.2133
31/07/2003,0.5039,4.3221,5.2144
31/08/2003,0.4765,4.3258,5.2182
30/09/2003,0.4565,4.3289,5.2214
31/10/2003,0.5077,4.3302,5.2204
30/11/2003,0.5279,4.3298,5.2176
31/12/2003,0.5425,4.3328,5.2166
31/01/2004,0.5797,4.3279,5.2214
29/02/2004,0.6004,4.3301,5.2268
31/03/2004,0.625,4.3319,5.2332
30/04/2004,0.6125,4.3354,5.2364
31/05/2004,0.576,4.3391,5.2423
30/06/2004,0.6056,4.3386,5.2454
31/07/2004,0.5985,4.336,5.2439
31/08/2004,0.5994,4.3386,5.2444
30/09/2004,0.5889,4.3396,5.2465
31/10/2004,0.5944,4.3422,5.2517
30/11/2004,0.6091,4.3442,5.2523
31/12/2004,0.6469,4.3494,5.2486
31/01/2005,0.6521,4.344,5.2507
28/02/2005,0.6327,4.3465,5.2565
31/03/2005,0.6529,4.3508,5.2642
30/04/2005,0.6365,4.3547,5.2709
31/05/2005,0.6452,4.358,5.2699
30/06/2005,0.5971,4.3585,5.2704
31/07/2005,0.5826,4.3592,5.275
31/08/2005,0.5633,4.3624,5.2802
30/09/2005,0.5896,4.3639,5.2923
31/10/2005,0.5663,4.3654,5.2943
30/11/2005,0.571,4.3654,5.2862
31/12/2005,0.5476,4.3684,5.2822
31/01/2006,0.5431,4.3633,5.2898
28/02/2006,0.5758,4.3666,5.2918
31/03/2006,0.5617,4.3688,5.2973
30/04/2006,0.552,4.3748,5.3058
31/05/2006,0.6008,4.3802,5.3107
30/06/2006,0.6265,4.3832,5.3127
31/07/2006,0.6137,4.3826,5.3157
31/08/2006,0.6247,4.3869,5.3176
30/09/2006,0.6438,4.3878,5.3127
31/10/2006,0.6284,4.3893,5.3073
30/11/2006,0.6455,4.392,5.3058
31/12/2006,0.6761,4.3978,5.3073
31/01/2007,0.6724,4.3901,5.3103
28/02/2007,0.6754,4.3942,5.3157
31/03/2007,0.6748,4.399,5.3247
30/04/2007,0.6776,4.4021,5.3312
31/05/2007,0.6928,4.4049,5.3373
30/06/2007,0.6831,4.4071,5.3392
31/07/2007,0.6973,4.401,5.339
31/08/2007,0.7079,4.4045,5.3371
30/09/2007,0.7016,4.4052,5.3399
31/10/2007,0.7164,4.4101,5.342
30/11/2007,0.7328,4.4127,5.348
31/12/2007,0.7202,4.4184,5.3473
31/01/2008,0.6866,4.4117,5.3522
29/02/2008,0.6866,4.4188,5.3551
31/03/2008,0.6874,4.4233,5.3638
30/04/2008,0.6846,4.4314,5.3698
31/05/2008,0.6865,4.4377,5.3782
30/06/2008,0.6815,4.4446,5.3882
31/07/2008,0.6897,4.4444,5.3935
31/08/2008,0.6847,4.4505,5.3895
30/09/2008,0.5948,4.456,5.3881
31/10/2008,0.5785,4.4536,5.3779
30/11/2008,0.4749,4.4525,5.3586
31/12/2008,0.4293,4.4485,5.3482
31/01/2009,0.3793,4.4412,5.3525
28/02/2009,0.3698,4.4498,5.3575
31/03/2009,0.3568,4.4515,5.3599
30/04/2009,0.3596,4.4539,5.3624
31/05/2009,0.3906,4.4595,5.3653
30/06/2009,0.4809,4.4623,5.3739
31/07/2009,0.4985,4.462,5.3723
31/08/2009,0.5135,4.4664,5.3745
30/09/2009,0.4871,4.4669,5.3751
31/10/2009,0.4703,4.4686,5.3761
30/11/2009,0.4955,4.4714,5.3768
31/12/2009,0.4971,4.477,5.375
31/01/2010,0.4797,4.4754,5.3785
28/02/2010,0.4666,4.4791,5.3787
31/03/2010,0.4159,4.4848,5.3828
30/04/2010,0.4175,4.4905,5.3845
31/05/2010,0.4262,4.4928,5.3853
30/06/2010,0.3737,4.4943,5.3843
31/07/2010,0.4017,4.4921,5.3845
31/08/2010,0.4526,4.4972,5.3859
30/09/2010,0.4286,4.4972,5.3865
31/10/2010,0.4516,4.4998,5.3878
30/11/2010,0.4727,4.5035,5.3882
31/12/2010,0.4422,4.5134,5.3899
31/01/2011,0.4426,4.5143,5.3946
28/02/2011,0.4709,4.5216,5.3996
31/03/2011,0.4859,4.5244,5.4093
30/04/2011,0.4722,4.5344,5.4157
31/05/2011,0.5134,4.5364,5.4204
30/06/2011,0.4976,4.5355,5.4193
31/07/2011,0.4727,4.5354,5.4202
31/08/2011,0.4943,4.5413,5.4229
30/09/2011,0.4849,4.5477,5.4245
31/10/2011,0.4429,4.5484,5.4224
30/11/2011,0.4749,4.55,5.4216
31/12/2011,0.4508,4.5545,5.4191
31/01/2012,0.4383,4.5494,5.4235
29/02/2012,0.4546,4.5554,5.4279
31/03/2012,0.4647,4.5584,5.4354
30/04/2012,0.471,4.5643,5.4384
31/05/2012,0.4845,4.5637,5.4373
30/06/2012,0.4321,4.5596,5.4358
31/07/2012,0.4509,4.5607,5.4342
31/08/2012,0.4496,4.5657,5.4397
30/09/2012,0.4616,4.5695,5.4442
31/10/2012,0.48,4.5747,5.4438
30/11/2012,0.478,4.5763,5.439
31/12/2012,0.4706,4.5809,5.4363
31/01/2013,0.4856,4.5762,5.4393
28/02/2013,0.461,4.5829,5.4475
31/03/2013,0.4161,4.5863,5.4501
30/04/2013,0.419,4.5883,5.449
31/05/2013,0.4403,4.5904,5.4508
30/06/2013,0.4181,4.5884,5.4532
31/07/2013,0.4186,4.588,5.4536
31/08/2013,0.4192,4.5923,5.4548
30/09/2013,0.4389,4.5958,5.456
31/10/2013,0.4814,4.5964,5.4534
30/11/2013,0.4723,4.5969,5.4513
31/12/2013,0.4923,4.6011,5.4512
31/01/2014,0.5041,4.5949,5.455
28/02/2014,0.4974,4.6,5.4587
31/03/2014,0.5155,4.6023,5.4651
30/04/2014,0.5104,4.6058,5.4684
31/05/2014,0.5231,4.6052,5.4719
30/06/2014,0.5164,4.6072,5.4737
31/07/2014,0.5368,4.6038,5.4733
31/08/2014,0.5238,4.6077,5.4716
30/09/2014,0.5064,4.608,5.4724
31/10/2014,0.4832,4.6092,5.4699
30/11/2014,0.4684,4.6066,5.4645
31/12/2014,0.4478,4.6065,5.4588
31/01/2015,0.4431,4.5977,5.4541
28/02/2015,0.411,4.6003,5.4584
31/03/2015,0.4341,4.6022,5.4643
30/04/2015,0.3931,4.6046,5.4664
31/05/2015,0.4285,4.6063,5.4715
30/06/2015,0.4247,4.6068,5.4749
31/07/2015,0.4516,4.6053,5.475
31/08/2015,0.4462,4.6077,5.4736
30/09/2015,0.428,4.6068,5.472
31/10/2015,0.4139,4.6081,5.4716
30/11/2015,0.4349,4.6077,5.4695
31/12/2015,0.4091,4.6085,5.4661
31/01/2016,0.3876,4.6006,5.4677
29/02/2016,0.3534,4.6031,5.4685
31/03/2016,0.3305,4.6068,5.4728
30/04/2016,0.3618,4.6075,5.4776
31/05/2016,0.3791,4.6094,5.4816
30/06/2016,0.37,4.6114,5.4849
31/07/2016,0.2856,4.6109,5.4833
31/08/2016,0.2798,4.6141,5.4842
30/09/2016,0.2729,4.6165,5.4866
31/10/2016,0.2576,4.6171,5.4878
30/11/2016,0.2017,4.6193,5.4863
31/12/2016,0.2235,4.624,5.4866
31/01/2017,0.2106,4.6186,5.4924
28/02/2017,0.2295,4.6258,5.4955
31/03/2017,0.2135,4.6297,5.4964
30/04/2017,0.2263,4.6342,5.4993
31/05/2017,0.2585,4.6377,5.5002
30/06/2017,0.2536,4.6375,5.5011
31/07/2017,0.2631,4.6368,5.5004
31/08/2017,0.2785,4.6423,5.5034
30/09/2017,0.2569,4.6456,5.5087
31/10/2017,0.2917,4.6467,5.508
30/11/2017,0.2837,4.6497,5.508
31/12/2017,0.3018,4.6533,5.5075
31/01/2018,0.301,4.6481,5.5129
28/02/2018,0.35,4.6526,5.5174
31/03/2018,0.3192,4.654,5.5197
30/04/2018,0.3382,4.6578,5.5236
31/05/2018,0.3191,4.6616,5.5278
30/06/2018,0.285,4.6617,5.5294
31/07/2018,0.2761,4.6613,5.5295
31/08/2018,0.2719,4.6685,5.53
30/09/2018,0.26,4.6696,5.5312
31/10/2018,0.2646,4.6703,5.5329
30/11/2018,0.2443,4.6726,5.5296
31/12/2018,0.2443,4.6741,5.5264
31/01/2019,0.2437,4.6664,5.5283
28/02/2019,0.2704,4.6711,5.5325
31/03/2019,0.2822,4.6729,5.5381
30/04/2019,0.2651,4.6787,5.5434
31/05/2019,0.2647,4.6816,5.5455
30/06/2019,0.2332,4.6815,5.5457
31/07/2019,0.2385,4.6817,5.5474
31/08/2019,0.1949,4.6856,5.5474
30/09/2019,0.1946,4.6866,5.5481
31/10/2019,0.2058,4.6849,5.5504
30/11/2019,0.2576,4.6872,5.5499
31/12/2019,0.2559,4.687,5.549
31/01/2020,0.2821,4.6839,5.5528
29/02/2020,0.2787,4.688,5.5556
31/03/2020,0.2468,4.688,5.5534
30/04/2020,0.2173,4.6864,5.5467
31/05/2020,0.2309,4.6864,5.5467
30/06/2020,0.2101,4.6875,5.5522
31/07/2020,0.215,4.692,5.5572
31/08/2020,0.2685,4.6878,5.5604
30/09/2020,0.2899,4.6919,5.5618
31/10/2020,0.256,4.6918,5.5622
30/11/2020,0.258,4.6903,5.5616
31/12/2020,0.2868,4.6929,5.5625
31/01/2021,0.3127,4.6909,5.5667
28/02/2021,0.3156,4.6922,5.5722
31/03/2021,0.332,4.6951,5.5793
30/04/2021,0.3206,4.7015,5.5875
31/05/2021,0.3239,4.7074,5.5954
30/06/2021,0.3514,4.7124,5.6047
31/07/2021,0.324,4.7122,5.6095
31/08/2021,0.3292,4.7193,5.6115
30/09/2021,0.3185,4.7222,5.6143
31/10/2021,0.2979,4.733,5.6225
30/11/2021,0.3133,4.7404,5.6274
31/12/2021,0.285,4.7454,5.6305
31/01/2022,0.3023,4.744,5.6389
28/02/2022,0.296,4.7521,5.648
31/03/2022,0.2941,4.763,5.6612
30/04/2022,0.2726,4.7878,5.6668
31/05/2022,0.2298,4.7943,5.6778
30/06/2022,0.2311,4.8023,5.6914
31/07/2022,0.1969,4.8084,5.6913
31/08/2022,0.1958,4.8134,5.6909
30/09/2022,0.1502,4.8184,5.6931
31/10/2022,0.1094,4.8379,5.6971
30/11/2022,0.1371,4.8418,5.6961
31/12/2022,0.1868,4.8455,5.693
31/01/2023,0.1902,4.8398,5.701
28/02/2023,0.2084,4.8512,5.7066
31/03/2023,0.1839,4.8588,5.7099
30/04/2023,0.209,4.8708,5.7149
31/05/2023,0.2281,4.8775,5.7174
30/06/2023,0.2182,4.8788,5.7207
31/07/2023,0.2378,4.8745,5.7226
31/08/2023,0.2494,4.8778,5.7269
30/09/2023,0.2369,4.8828,5.7294
31/10/2023,0.1986,4.8828,5.729
30/11/2023,0.1949,4.8804,5.727
31/12/2023,0.2328,4.8846,5.726
31/01/2024,0.2413,4.8789,5.7315
29/02/2024,0.238,4.8847,5.7376
31/03/2024,0.2329,4.8906,5.7441
30/04/2024,0.2334,4.8939,5.748
31/05/2024,0.2225,4.8973,5.7496
30/06/2024,0.2413,4.8984,5.75
31/07/2024,0.2343,4.8966,5.7511
31/08/2024,0.2512,4.8998,5.7519
30/09/2024,0.2715,4.8994,5.7535
31/10/2024,0.2904,4.9054,5.7547
30/11/2024,0.2546,4.9063,5.7541
31/12/2024,0.2423,4.9094,5.7545
31/01/2025,0.2246,4.9083,5.761
28/02/2025,0.2143,4.9127,5.7654
31/03/2025,0.2298,4.9162,5.7677
30/04/2025,0.256,4.9286,5.7708
31/05/2025,0.2871,4.9303,5.7729
30/06/2025,0.2964,4.9335,5.7763
31/07/2025,0.3172,4.9342,5.7778
31/08/2025,0.278,4.9369,5.7807
30/09/2025,0.3003,4.9366,5.7832
31/10/2025,0.2964,4.9404,5.7832
30/11/2025,0.2729,4.9383,5.7811
31/12/2025,0.2795,4.9425,5.7809
